{
  "purpose": "Quantitative analysis of CCM det_reg -> Xi convergence rate (Sliwinski 2601.12133, Suzuki 2606.09096, CCM 2511.22755).",
  "heisenberg_constant_check": {
    "lambda": 1000.0,
    "sigma_u_max": 13.815510557964274,
    "sigma_D_min_from_uncertainty": 0.03619120682527099,
    "sliwinski_bound": 0.03619120682527099,
    "match": true
  },
  "table_consistency_7050": {
    "lambda": 7050.0,
    "n_rows": 25,
    "mean_abs_error_sample": 0.16579213438000806,
    "uniform_error_sample": 0.41394764090000535,
    "proved_lower_bound_1_over_4lnlambda": 0.02821421119778496,
    "sample_mean_ge_bound": true,
    "note": "Sample over published rows 976-1000; full eps is over all N eigenvalues. Consistency (sample mean >= bound) is necessary."
  },
  "lower_bound_curve": {
    "lambda=10": 0.10857362047581294,
    "lambda=100": 0.05428681023790647,
    "lambda=1000": 0.03619120682527099,
    "lambda=7050": 0.02821421119778496,
    "lambda=1000000.0": 0.018095603412635494,
    "lambda=1000000000000.0": 0.009047801706317747
  },
  "lambda_needed_for_uniform_accuracy": {
    "tol=1e-1": {
      "target_uniform_error": 0.1,
      "assumed_constant": 1.0,
      "ln_lambda_required": 10.0,
      "lambda_required_log10": 4.3429448190325175,
      "lambda_required_repr": "~10^4.34",
      "primes_pi_lambda2_log10": 7.384859642401054,
      "primes_repr": "~10^7.38"
    },
    "tol=1e-2": {
      "target_uniform_error": 0.01,
      "assumed_constant": 1.0,
      "ln_lambda_required": 100.0,
      "lambda_required_log10": 43.42944819032518,
      "lambda_required_repr": "~10^43.4",
      "primes_pi_lambda2_log10": 84.55786638498638,
      "primes_repr": "~10^84.6"
    },
    "tol=1e-3": {
      "target_uniform_error": 0.001,
      "assumed_constant": 1.0,
      "ln_lambda_required": 1000.0,
      "lambda_required_log10": 434.2944819032518,
      "lambda_required_repr": "~10^434",
      "primes_pi_lambda2_log10": 865.2879338108396,
      "primes_repr": "~10^865"
    },
    "tol=1e-6": {
      "target_uniform_error": 1e-06,
      "assumed_constant": 1.0,
      "ln_lambda_required": 1000000.0,
      "lambda_required_log10": 434294.4819032518,
      "lambda_required_repr": "~10^4.34e+05",
      "primes_pi_lambda2_log10": 868582.6627765079,
      "primes_repr": "~10^8.69e+05"
    }
  },
  "verdict": "The error is bounded below by 1/(4 ln lambda) (PROVED). Reaching even modest uniform accuracy requires astronomically large lambda (and pi(lambda^2) primes), so numerical evidence can never certify the limit. The limit det_reg -> Xi is equivalent to Weil positivity (lambda_a >= 0 for all a), i.e. RH (Yoshida 1992; Suzuki 2606.09096 Thm 1.3). This script analyzes the RATE; it does NOT prove the LIMIT."
}