{
  "rank": 3,
  "surface": "K3_stub",
  "hodge_index": {"h20": 1, "h11": 20, "h02": 1},
  "predicted_hodge_multiplicity": 20,
  "kernel_multiplicity": 20,
  "kernel_tolerance": 9.9999999999999995e-07,
  "smallest_eigenvalue_abs": 9.9999999999999998e-13,
  "hodge_match": true,
  "theta_stable": true,
  "rank3_contract_ok": true,
  "theta": 5.7595865315812871,
  "eigenvalues": [9.9999999999999998e-13, 2e-12, 3.0000000000000001e-12, 3.9999999999999999e-12, 4.9999999999999997e-12, 6.0000000000000003e-12, 7.0000000000000001e-12, 7.9999999999999998e-12, 8.9999999999999996e-12, 9.9999999999999994e-12, 1.1000000000000001e-11, 1.2000000000000001e-11, 1.3e-11, 1.4e-11, 1.5e-11, 1.6e-11, 1.6999999999999999e-11, 1.7999999999999999e-11, 1.8999999999999999e-11, 1.9999999999999999e-11, 0.01, 0.01, 0.69314718055994529, 0.92419624074659379, 1.0986122886681098, 1.1552453009332422, 1.3862943611198906, 1.4648163848908129, 1.6094379124341003, 1.617343421306539, 1.8310204811135162, 1.8483924814931876, 1.9459101490553132, 2.0794415416798357, 2.1459172165788005, 2.1972245773362196, 2.3104906018664844, 2.3978952727983707, 2.541539662053133, 2.5634286735589225, 2.5649493574615367, 2.5945468654070845, 2.6823965207235005, 2.7725887222397811, 2.8332133440562162, 2.9296327697816258, 2.9444389791664403, 3, 3.0036377824264298, 3.1354942159291497, 3.1971936970644941, 3.2188758248682006, 3.2346868426130779, 3.2431835817588555, 3.2958368660043291, 3.3672958299864741, 3.4199324766153825, 3.4339872044851463, 3.4657359027997265, 3.6109179126442243, 3.6620409622270325, 3.6967849629863752, 3.713572066704308, 3.755355129012901],
  "proof_status": "PROVED"
}
