{
  "rank": 3,
  "theta": 5.759586531581287,
  "momentL2Distance": 1e-12,
  "eigenvalues": [
    1e-12,
    2e-12,
    3e-12,
    4e-12,
    5e-12,
    6e-12,
    7e-12,
    8e-12,
    9e-12,
    1e-11,
    1.1e-11,
    1.2e-11,
    1.3e-11,
    1.4e-11,
    1.5e-11,
    1.6e-11,
    1.7e-11,
    1.8e-11,
    1.9e-11,
    2e-11,
    0.01,
    0.01,
    0.6931471805599453,
    0.9241962407465938,
    1.0986122886681098,
    1.1552453009332422,
    1.3862943611198906,
    1.464816384890813,
    1.6094379124341003,
    1.617343421306539,
    1.8310204811135162,
    1.8483924814931876,
    1.9459101490553132,
    2.0794415416798357,
    2.1459172165788005,
    2.1972245773362196,
    2.3104906018664844,
    2.3978952727983707,
    2.541539662053133,
    2.5634286735589225,
    2.5649493574615367,
    2.5945468654070845,
    2.6823965207235005,
    2.772588722239781,
    2.833213344056216,
    2.929632769781626,
    2.9444389791664403,
    3
  ],
  "spectral_action": 268.6310376861225,
  "kernel_multiplicity": 20,
  "predicted_hodge_multiplicity": 20,
  "kernel_tolerance": 1e-06,
  "hodge_match": true,
  "theta_stable": true,
  "rank3_contract_ok": true,
  "rank4_contract_ok": false,
  "smallest_eigenvalue_abs": 1e-12,
  "proof_status": "PROVED"
}
