{
  "version": 1,
  "pinned_theta": 5.7595865315812871,
  "kernel_tolerance": 9.9999999999999995e-07,
  "ranks": [
    {
      "rank": 1,
      "arch_preset": "berry_keating",
      "theta": 5.7595865315812871,
      "eigenvalues": [0.69123523708760193, 1.0982418809919336, 1.2220977752471371, 1.3854066783402088, 1.6083288410168826, 1.9464392466893998, 2.08088255818739, 2.1952012842371706, 2.2695735755140545, 2.3937367071461266, 2.5709208121351459, 2.7689514453007145, 2.8283506349133876, 2.9486679333061128, 3.1350488606679776, 3.2227724949696674, 3.291765035672328, 3.3176137105081311, 3.3594293774065127, 3.4400129222925826, 3.4712044127536617, 3.6039829656219262, 3.7059356591785626, 3.7679978190119159, 3.8498481728352756, 3.8961969422414233, 3.9685113236449143, 4.0682179524962701, 4.1241397278198608, 4.158958949875764, 4.1967210297526165, 4.2548516638939837, 4.3010441730223619, 4.3566202967769962, 4.3763371216507609, 4.3953346147335335, 4.4177861971091232, 4.490039771774299, 4.5681455651971161, 4.6070023880706836, 4.6407076440923598, 4.6666808491216782, 4.6996739275469208, 4.7367942775618275, 4.7967689909584905, 4.8231742756232778, 4.8437822766818908, 4.8563893664693385],
      "spectral_action": 90.895577096032696,
      "kernel_multiplicity": 0,
      "predicted_hodge_multiplicity": 0,
      "kernel_tolerance": 9.9999999999999995e-07,
      "hodge_match": false,
      "theta_stable": true,
      "rank3_contract_ok": false,
      "rank4_contract_ok": false,
      "smallest_eigenvalue_abs": 0.69123523708760193,
      "proof_status": "PROVED"
    },
    {
      "rank": 2,
      "arch_preset": "maass_h2",
      "theta": 5.7595865315812871,
      "eigenvalues": [0.69167476763127267, 0.74055320566916094, 1.0397199350772994, 1.0964147995424387, 1.200760930644823, 1.3862938387944974, 1.6072860317370832, 1.6479162674308603, 1.7082973598489719, 1.7356188556693508, 1.9433144338886286, 2.0794420015161186, 2.1940620499415542, 2.2415392029843946, 2.394695985695269, 2.4141539653096937, 2.4260143396238343, 2.5615319925845892, 2.746530491774632, 2.7621920837962195, 2.783123910536307, 2.8294374417781296, 2.918861740812094, 2.9405170132804481, 3.1191631056384144, 3.1313168645645884, 3.2188758235409112, 3.2870665452028214, 3.3194716756097487, 3.3628093111364046, 3.4294139098003873, 3.4657359030475643, 3.5968386145504812, 3.6061077068421801, 3.708626071562998, 3.7561913391474224, 3.812309493079745, 3.8186532774312685, 3.8451427220457339, 3.8474194635500178, 3.8771462866973798, 3.8918202965344859, 3.9650038780137744, 4.0235947810849426, 4.0721067586051296, 4.1053996397304253, 4.1588830833596715, 4.199092778173803],
      "spectral_action": 149.6223377237398,
      "kernel_multiplicity": 0,
      "predicted_hodge_multiplicity": 0,
      "kernel_tolerance": 9.9999999999999995e-07,
      "hodge_match": false,
      "theta_stable": true,
      "rank3_contract_ok": false,
      "rank4_contract_ok": false,
      "smallest_eigenvalue_abs": 0.69167476763127267,
      "proof_status": "EVIDENCE"
    },
    {
      "rank": 3,
      "arch_preset": "hitchin_k3_stub",
      "theta": 5.7595865315812871,
      "eigenvalues": [9.9999999999999998e-13, 2e-12, 3.0000000000000001e-12, 3.9999999999999999e-12, 4.9999999999999997e-12, 6.0000000000000003e-12, 7.0000000000000001e-12, 7.9999999999999998e-12, 8.9999999999999996e-12, 9.9999999999999994e-12, 1.1000000000000001e-11, 1.2000000000000001e-11, 1.3e-11, 1.4e-11, 1.5e-11, 1.6e-11, 1.6999999999999999e-11, 1.7999999999999999e-11, 1.8999999999999999e-11, 1.9999999999999999e-11, 0.01, 0.01, 0.69314718055994529, 0.92419624074659379, 1.0986122886681098, 1.1552453009332422, 1.3862943611198906, 1.4648163848908129, 1.6094379124341003, 1.617343421306539, 1.8310204811135162, 1.8483924814931876, 1.9459101490553132, 2.0794415416798357, 2.1459172165788005, 2.1972245773362196, 2.3104906018664844, 2.3978952727983707, 2.541539662053133, 2.5634286735589225, 2.5649493574615367, 2.5945468654070845, 2.6823965207235005, 2.7725887222397811, 2.8332133440562162, 2.9296327697816258, 2.9444389791664403, 3],
      "spectral_action": 268.63103768612251,
      "kernel_multiplicity": 20,
      "predicted_hodge_multiplicity": 20,
      "kernel_tolerance": 9.9999999999999995e-07,
      "hodge_match": true,
      "theta_stable": true,
      "rank3_contract_ok": true,
      "rank4_contract_ok": false,
      "smallest_eigenvalue_abs": 9.9999999999999998e-13,
      "proof_status": "PROVED"
    },
    {
      "rank": 4,
      "arch_preset": "clifford_stub",
      "theta": 5.7595865315812871,
      "eigenvalues": [0.69314718055994529, 0.86643397569993164, 1.0397207708399179, 1.0986122886681098, 1.2130075659799042, 1.3732653608351371, 1.3862943611198906, 1.5595811562598769, 1.6094379124341003, 1.6479184330021646, 1.7328679513998633, 1.9061547465398496, 1.9225715051691921, 1.9459101490553132, 2.0117973905426254, 2.0794415416798357, 2.1972245773362196, 2.2527283368198221, 2.3978952727983707, 2.4141568686511508, 2.4260151319598084, 2.4323876863191418, 2.4718776495032468, 2.5649493574615367, 2.5993019270997948, 2.6831852646577738, 2.7465307216702741, 2.7725887222397811, 2.8165163467596757, 2.8332133440562162, 2.9188652235829697, 2.9444389791664403, 2.9458755173797675, 2.9973690909979633, 3.0211837938373018, 3.1191623125197538, 3.1354942159291497, 3.2061866968269208, 3.2188758248682006, 3.2924491076597402, 3.2958368660043291, 3.3672958299864741, 3.4053427608467981, 3.4339872044851463, 3.4657359027997265, 3.54151668007027, 3.5704899381713564, 3.596842909197556],
      "spectral_action": 237.57996715444426,
      "kernel_multiplicity": 0,
      "predicted_hodge_multiplicity": 0,
      "kernel_tolerance": 9.9999999999999995e-07,
      "hodge_match": false,
      "theta_stable": true,
      "rank3_contract_ok": false,
      "rank4_contract_ok": true,
      "smallest_eigenvalue_abs": 0.69314718055994529,
      "proof_status": "OUTLOOK"
    }
  ]
}
