{
  "version": 1,
  "purpose": "sigma_higher Fourier sign audit (Lemma 1)",
  "z_max": 80.0,
  "t_max": 25.0,
  "n_z": 120,
  "sigma_higher_max": -739.4213618312049,
  "sigma_higher_min": -894.3829639678586,
  "sigma_higher_positive_count": 0,
  "sigma_higher_universal_nonpos_ok": true,
  "sigma_higher_fourier_audit_ok": true,
  "z_grid_sample": [
    0.6666666666666666,
    4.666666666666667,
    8.666666666666666,
    12.666666666666666,
    16.666666666666668,
    20.666666666666668,
    24.666666666666668,
    28.666666666666668,
    32.666666666666664,
    36.666666666666664,
    40.666666666666664,
    44.666666666666664,
    48.666666666666664,
    52.666666666666664,
    56.666666666666664,
    60.666666666666664,
    64.66666666666667,
    68.66666666666667,
    72.66666666666667,
    76.66666666666667
  ],
  "sigma_higher_sample": [
    -889.1663646796916,
    -863.7118529126483,
    -797.898173032057,
    -759.7706911842828,
    -762.0647071466453,
    -789.2002117919159,
    -844.4844028999294,
    -892.354112424919,
    -879.0853029412363,
    -830.6053625115561,
    -790.7347535609356,
    -757.2940534384568,
    -758.1558345563736,
    -819.3422313499433,
    -879.6383575376908,
    -881.9458729283306,
    -858.0387089290342,
    -826.7259760884988,
    -769.1935603631431,
    -740.4385233744523
  ]
}